userid,first_name,last_name,email,gender,ip_address
24-8376774,Carolyn,Bawme,cbawme0@usgs.gov,Female,144.0.143.234
71-4719662,Gavin,Valens-Smith,gvalenssmith1@is.gd,Male,245.88.184.150
76-8355734,Perla,Tarzey,ptarzey2@bigcartel.com,Female,142.249.71.107
52-0272426,Sterne,Ackeroyd,sackeroyd3@craigslist.org,Male,209.22.59.150
03-8381825,Alexandre,MacCardle,amaccardle4@ustream.tv,Male,117.186.219.163
98-5946154,Sophie,Mangion,smangion5@t-online.de,Female,244.145.68.254
04-3807702,Linc,McKibbin,lmckibbin6@t-online.de,Male,232.137.54.126
84-6579089,Augustine,Buntin,abuntin7@wix.com,Male,58.178.128.13
50-9058439,Emmy,Kenewel,ekenewel8@spiegel.de,Male,140.48.218.84
14-9838377,Sayre,Stiven,sstiven9@hexun.com,Male,47.60.54.199
95-5855868,Essie,Bumpass,ebumpassa@printfriendly.com,Female,154.40.160.180
30-3459662,Dag,Harbar,dharbarb@blogger.com,Male,25.87.87.86
43-1006310,Lise,Brownjohn,lbrownjohnc@cam.ac.uk,Female,56.116.236.36
15-9689030,Colver,Plaskett,cplaskettd@wp.com,Male,102.125.57.83
58-6449374,Loutitia,Oliver-Paull,loliverpaulle@bravesites.com,Female,22.143.165.138
54-1484520,Graham,Cornforth,gcornforthf@virginia.edu,Male,147.90.24.39
07-5292865,Mel,Galliford,mgallifordg@quantcast.com,Male,160.22.47.99
99-5315287,Patrica,Trobridge,ptrobridgeh@usa.gov,Female,19.60.145.195
21-6375672,Fernanda,Gaudin,fgaudini@adobe.com,Female,119.217.96.151
38-5961719,Colin,Quenell,cquenellj@acquirethisname.com,Male,75.138.172.61
05-6197407,Wallie,Piper,wpiperk@wunderground.com,Male,56.230.155.37
27-1767396,Dierdre,Flode,dflodel@sphinn.com,Female,31.127.255.72
23-9705161,Lyndsey,Djurdjevic,ldjurdjevicm@blogs.com,Female,69.192.45.10
55-9104491,Merv,Lorens,mlorensn@mac.com,Male,104.60.162.35
59-0272166,Andris,Acey,aaceyo@ucoz.ru,Male,84.65.136.173
51-5098625,Alverta,Orpin,aorpinp@nature.com,Female,70.10.79.27
44-0245238,Kaylyn,Durnall,kdurnallq@techcrunch.com,Female,182.78.67.157
86-5935931,Almeta,Grover,agroverr@chron.com,Female,6.212.121.65
98-0676213,Randal,Lipgens,rlipgenss@g.co,Male,201.247.112.215
82-8978363,Neron,Agget,naggett@desdev.cn,Male,41.235.178.82
12-8547068,Gilda,Jossum,gjossumu@mlb.com,Female,17.34.237.150
47-9985344,Norry,Norvell,nnorvellv@slate.com,Female,168.78.176.131
65-2167735,Terrence,Dufaur,tdufaurw@miitbeian.gov.cn,Male,70.181.200.255
56-3943607,Forester,Rydeard,frydeardx@51.la,Male,114.194.248.237
85-6526216,Starlin,Santry,ssantryy@usgs.gov,Female,236.166.232.122
89-9097511,Carl,Giddy,cgiddyz@dell.com,Male,126.43.71.96
88-8451987,Brynne,Jickles,bjickles10@prnewswire.com,Female,220.60.251.28
02-5885061,Loni,Blevin,lblevin11@usnews.com,Female,206.211.132.2
69-0516709,Jenn,Levet,jlevet12@wisc.edu,Female,48.240.211.225
67-8528173,Reider,Bunson,rbunson13@youtu.be,Male,231.49.6.232
04-5733293,Tracy,Rosi,trosi14@xinhuanet.com,Male,134.189.223.27
75-3181982,Leigh,Deinert,ldeinert15@state.tx.us,Female,68.62.128.137
93-3576655,Ernesta,McAlinion,emcalinion16@meetup.com,Female,124.191.120.46
09-3224929,Constanta,Prew,cprew17@trellian.com,Female,116.238.161.22
22-4286356,Padraig,Foley,pfoley18@admin.ch,Male,136.216.21.70
53-7163264,Imojean,Southwell,isouthwell19@mediafire.com,Female,33.28.70.112
60-7803315,Donalt,Pillington,dpillington1a@globo.com,Male,97.193.165.36
32-4364045,Bowie,Kristof,bkristof1b@ifeng.com,Male,196.223.219.199
65-1624566,Danella,Kasparski,dkasparski1c@constantcontact.com,Female,226.225.43.66
07-9309211,Beret,Swinn,bswinn1d@tinypic.com,Female,24.68.231.129
81-0648384,Fawn,Tarrant,ftarrant1e@virginia.edu,Female,213.7.230.147
41-7592178,Barde,Tousy,btousy1f@google.com,Male,33.82.192.73
04-3904847,Maddy,Beckett,mbeckett1g@apple.com,Female,99.114.210.63
58-4502524,Hendrick,Wibrew,hwibrew1h@wp.com,Male,233.30.182.199
27-6750986,Baillie,Axelbee,baxelbee1i@amazon.com,Male,225.109.201.232
29-6961942,Ketty,Kneller,kkneller1j@printfriendly.com,Female,155.222.201.127
35-6046381,Lawton,Dyet,ldyet1k@dedecms.com,Male,52.112.11.160
71-1010850,Codie,Carine,ccarine1l@engadget.com,Male,244.34.41.198
80-7754399,Lesley,Hammon,lhammon1m@dmoz.org,Female,131.240.24.85
74-9820422,Jerrilee,Giovannardi,jgiovannardi1n@clickbank.net,Female,95.148.129.241
32-2932411,Gusty,Nardi,gnardi1o@slate.com,Female,214.238.34.11
78-0196836,Allyn,De Leek,adeleek1p@sourceforge.net,Male,151.90.208.176
52-9820078,Tad,Baden,tbaden1q@people.com.cn,Male,32.139.90.8
40-0174151,Ronald,Desantis,rdesantis1r@google.cn,Male,152.21.251.254
94-3833265,Rafaellle,Thornebarrow,rthornebarrow1s@upenn.edu,Male,40.240.94.44
90-8031000,Delainey,Russ,druss1t@bing.com,Male,50.236.144.171
91-3214431,Georgina,Cowley,gcowley1u@xing.com,Female,28.158.184.215
92-1775323,Edward,Janks,ejanks1v@w3.org,Male,204.8.152.102
11-4478036,Tiffani,Witherbed,twitherbed1w@biblegateway.com,Female,120.208.37.198
82-7968194,Barron,Grinvalds,bgrinvalds1x@jugem.jp,Male,201.130.95.52
00-9273767,Lisha,Dyshart,ldyshart1y@hugedomains.com,Female,77.127.82.209
59-8767092,Evonne,Hinkes,ehinkes1z@hugedomains.com,Female,94.197.231.212
92-2609261,Georgena,Livzey,glivzey20@tinypic.com,Female,122.195.158.20
35-1378418,Cynthea,Vanni,cvanni21@angelfire.com,Female,170.240.253.201
58-7535235,Margarethe,Boatswain,mboatswain22@ustream.tv,Female,223.170.182.184
85-2359413,Kalie,Don,kdon23@fda.gov,Female,38.235.73.138
02-2587267,Sigfrid,Wigelsworth,swigelsworth24@constantcontact.com,Male,236.254.192.0
51-8828877,Claudell,Schuck,cschuck25@nba.com,Male,126.111.228.106
90-2028047,Stormi,Bartomeu,sbartomeu26@usatoday.com,Female,219.190.135.217
72-2837482,Adolphe,Clowsley,aclowsley27@about.com,Male,164.247.221.228
12-3609095,Linet,Donner,ldonner28@uiuc.edu,Female,187.1.42.29
55-5729658,Consuelo,Matejic,cmatejic29@sciencedirect.com,Female,74.217.136.23
36-6348751,Bambie,Milliere,bmilliere2a@rediff.com,Female,232.155.161.13
59-8251800,Elbert,McGaughey,emcgaughey2b@theglobeandmail.com,Male,236.192.135.73
96-2534495,Bianca,Curedale,bcuredale2c@pcworld.com,Female,148.21.195.53
75-1164491,Fey,Krystof,fkrystof2d@walmart.com,Female,245.33.9.132
97-4198561,Nata,Dowderswell,ndowderswell2e@ask.com,Female,167.31.113.2
36-8427195,Tiertza,Callaghan,tcallaghan2f@alibaba.com,Female,97.88.155.130
37-8430723,Rikki,Blandamere,rblandamere2g@vkontakte.ru,Female,42.218.206.187
11-7117128,Vinny,Lobbe,vlobbe2h@pagesperso-orange.fr,Male,127.233.84.52
01-6463862,Andres,Inkpen,ainkpen2i@biblegateway.com,Male,78.58.66.50
26-3293897,Randene,McSparran,rmcsparran2j@nymag.com,Female,80.79.63.78
58-0178155,Allistir,McCaskill,amccaskill2k@epa.gov,Male,31.251.101.163
94-8032911,Lilia,Doge,ldoge2l@technorati.com,Female,56.114.233.194
16-9453443,Llywellyn,Masi,lmasi2m@pbs.org,Male,115.7.121.199
67-0113128,Ruddie,Goodbairn,rgoodbairn2n@amazon.co.jp,Male,204.41.48.65
80-6676680,Silas,Maudling,smaudling2o@kickstarter.com,Male,13.66.95.99
68-6121319,Anthea,Barradell,abarradell2p@shareasale.com,Female,152.104.15.134
89-2698869,Tammara,Badam,tbadam2q@unc.edu,Female,161.61.59.45
11-9715694,Bamby,Garrat,bgarrat2r@amazon.co.uk,Female,183.184.220.199
75-5515178,Daffie,Abela,dabela2s@cornell.edu,Female,193.100.19.226
01-1622061,Jae,Krinks,jkrinks2t@booking.com,Male,100.52.152.182
96-5974482,Keefe,Mathe,kmathe2u@alexa.com,Male,176.63.33.162
89-3363916,Heinrik,Suttling,hsuttling2v@dropbox.com,Male,176.223.156.197
42-3480303,Keene,Lewinton,klewinton2w@clickbank.net,Male,228.181.198.234
77-9212422,Madison,Rozanski,mrozanski2x@businessinsider.com,Male,134.90.168.219
16-7555330,Margarete,Cousans,mcousans2y@tripadvisor.com,Female,230.35.70.70
48-6052097,Prudi,Kittle,pkittle2z@infoseek.co.jp,Female,114.20.89.6
42-5649321,Ches,Kohring,ckohring30@nationalgeographic.com,Male,117.41.139.246
02-5538463,Lucina,Caskie,lcaskie31@census.gov,Female,113.186.14.235
13-8719144,Genevieve,Harold,gharold32@github.com,Female,253.182.36.2
06-6381393,Leeann,Grewcock,lgrewcock33@hc360.com,Female,117.37.255.198
59-6507303,Jodie,Dowber,jdowber34@people.com.cn,Male,177.18.194.201
77-1009765,Munroe,Wickett,mwickett35@vimeo.com,Male,246.125.247.145
94-3124556,Babb,Clowney,bclowney36@diigo.com,Female,79.3.78.18
86-4357934,Helga,Gibby,hgibby37@usnews.com,Female,12.246.76.251
42-2405836,Cassi,Rintoul,crintoul38@qq.com,Female,181.77.128.239
04-9875172,Barbaraanne,Giffaut,bgiffaut39@woothemes.com,Female,2.80.168.10
70-4529403,Elsey,Di Lucia,edilucia3a@globo.com,Female,238.38.220.34
98-4022519,Berton,O'Teague,boteague3b@umn.edu,Male,143.74.72.200
87-5223744,Keane,Shatliff,kshatliff3c@google.fr,Male,122.121.194.236
11-3772464,Shannan,Everil,severil3d@friendfeed.com,Male,162.30.7.149
09-6396911,Morten,Olland,molland3e@arizona.edu,Male,15.137.151.106
15-3608671,Hartwell,Grigorey,hgrigorey3f@barnesandnoble.com,Male,31.84.68.162
47-6370360,Madelina,Cavanaugh,mcavanaugh3g@qq.com,Female,47.118.223.229
17-5314532,Ingar,A'Barrow,iabarrow3h@mapy.cz,Male,128.75.64.160
56-6625542,Verne,Filipputti,vfilipputti3i@sbwire.com,Male,6.69.141.80
18-6825901,Fayre,Hachette,fhachette3j@admin.ch,Female,92.72.44.37
53-8569959,Mohammed,Judron,mjudron3k@google.de,Male,154.177.224.52
55-2806215,Karola,Laister,klaister3l@ovh.net,Female,118.89.92.20
19-4854480,Dahlia,Rozenbaum,drozenbaum3m@jugem.jp,Female,133.196.119.171
52-5798286,Lani,McDonald,lmcdonald3n@artisteer.com,Female,102.142.148.50
05-8942918,Leonidas,Mose,lmose3o@histats.com,Male,15.158.2.14
61-7912539,Matty,Steketee,msteketee3p@noaa.gov,Male,234.205.130.36
21-5073850,Murdock,Jerrold,mjerrold3q@mysql.com,Male,54.95.199.180
14-5555561,Alexis,Covil,acovil3r@europa.eu,Male,86.243.48.36
21-1938250,Nissie,O'Nowlan,nonowlan3s@pen.io,Female,25.215.23.100
49-6645015,Lind,Amesbury,lamesbury3t@skype.com,Male,23.159.96.200
88-1498656,Hanna,Vasishchev,hvasishchev3u@cpanel.net,Female,18.113.12.74
46-5556821,Winston,Westwood,wwestwood3v@biglobe.ne.jp,Male,236.96.98.152
59-1963057,Bev,Stegell,bstegell3w@sphinn.com,Female,86.36.41.255
39-2268379,Humphrey,Grinnell,hgrinnell3x@printfriendly.com,Male,145.196.21.52
26-2648238,Nicol,Kighly,nkighly3y@ameblo.jp,Male,51.153.116.81
13-9151430,Muriel,Graddon,mgraddon3z@smugmug.com,Female,150.118.16.43
97-4195184,Chelsey,Wilmington,cwilmington40@goo.ne.jp,Female,192.142.180.68
24-4305116,Enos,O' Mullane,eomullane41@jiathis.com,Male,166.147.129.219
21-6224832,Lydia,Canfield,lcanfield42@buzzfeed.com,Female,186.142.103.182
47-1215061,Marline,Harbage,mharbage43@macromedia.com,Female,8.151.48.24
98-8577773,Eldridge,Pottberry,epottberry44@businesswire.com,Male,118.41.135.22
92-9728386,Gregorius,Simon,gsimon45@examiner.com,Male,202.82.118.218
70-4940752,Mindy,Keel,mkeel46@jigsy.com,Female,112.56.25.156
71-5215012,Rabbi,Dufaire,rdufaire47@netlog.com,Male,113.53.229.157
96-0742205,Kristyn,Waby,kwaby48@usatoday.com,Female,72.50.209.49
96-3313403,Bianka,Ferre,bferre49@sitemeter.com,Female,127.62.78.210
98-0074381,Francisca,McGillreich,fmcgillreich4a@samsung.com,Female,66.14.12.62
00-2228492,Kaja,Nunan,knunan4b@macromedia.com,Female,229.106.97.115
13-7919322,Jammal,Duffet,jduffet4c@sina.com.cn,Male,41.12.214.221
86-1050038,Erik,Vlach,evlach4d@newyorker.com,Male,31.195.139.1
46-2301112,Cris,Fausset,cfausset4e@dailymail.co.uk,Male,235.74.39.77
09-1445177,Isabella,Simonelli,isimonelli4f@ocn.ne.jp,Female,29.139.68.80
54-3394947,Odelle,Russon,orusson4g@examiner.com,Female,77.42.72.191
34-1542978,Nonah,Jovovic,njovovic4h@furl.net,Female,136.180.104.60
80-1832969,Desiri,Stuart,dstuart4i@google.ca,Female,205.223.69.51
38-3641097,Jolyn,Enriques,jenriques4j@blog.com,Female,98.211.177.111
44-9861646,Shaylah,Southam,ssoutham4k@tumblr.com,Female,40.32.16.79
49-8004121,Esta,McClory,emcclory4l@mozilla.org,Female,109.130.154.141
77-1524545,Freedman,Macci,fmacci4m@hp.com,Male,133.27.63.165
03-0778976,Nerta,Sprionghall,nsprionghall4n@stumbleupon.com,Female,3.213.129.107
76-6379679,Leonid,Rassmann,lrassmann4o@comcast.net,Male,108.240.124.140
37-2478149,Mordy,Lintill,mlintill4p@admin.ch,Male,201.220.239.188
72-1238988,Shermy,Bowmaker,sbowmaker4q@dmoz.org,Male,157.175.240.144
65-8540892,Rorke,Wickstead,rwickstead4r@mashable.com,Male,90.235.178.185
92-1755864,Remington,Ballefant,rballefant4s@is.gd,Male,154.114.145.232
72-6587403,Beatrice,Spadollini,bspadollini4t@ucoz.com,Female,208.166.167.53
76-5346776,Inglebert,Ros,iros4u@dell.com,Male,161.22.5.77
67-7815718,Lenee,Cheston,lcheston4v@theatlantic.com,Female,125.49.238.159
31-9817223,Xylia,Leghorn,xleghorn4w@ezinearticles.com,Female,164.22.201.240
08-8103625,Briano,Earie,bearie4x@redcross.org,Male,225.45.212.71
32-2191569,Marty,Carnduff,mcarnduff4y@ow.ly,Male,34.163.190.145
38-7462183,Regine,Order,rorder4z@oakley.com,Female,11.93.137.176
15-9245287,Thaddus,Gentry,tgentry50@is.gd,Male,253.215.158.115
41-7810945,Ammamaria,Giacomello,agiacomello51@domainmarket.com,Female,178.135.124.45
18-9073438,Elden,Noad,enoad52@squarespace.com,Male,199.110.183.22
13-0674495,Carmine,Gwynn,cgwynn53@ning.com,Male,100.112.128.210
27-7495546,Samuele,Catford,scatford54@addthis.com,Male,67.139.95.83
17-6546976,Sergeant,Knyvett,sknyvett55@ftc.gov,Male,40.1.249.247
94-5236675,Shea,Scarrisbrick,sscarrisbrick56@ovh.net,Male,105.42.239.156
19-1775044,Erwin,Dorr,edorr57@google.fr,Male,141.177.182.87
70-0647813,Ddene,McCaig,dmccaig58@sourceforge.net,Female,189.43.195.216
90-9753175,Milton,Wolfe,mwolfe59@state.gov,Male,247.97.197.182
24-8556643,Sophie,Foxley,sfoxley5a@yahoo.com,Female,45.198.11.192
69-5651950,Dugald,Devanny,ddevanny5b@newsvine.com,Male,121.14.20.147
31-7758156,Allsun,Auger,aauger5c@unc.edu,Female,51.146.98.68
60-4697912,Rhody,Mott,rmott5d@aboutads.info,Female,18.224.251.49
97-3547889,Bradan,McGahern,bmcgahern5e@hostgator.com,Male,83.232.15.71
66-6840772,Ruby,Snar,rsnar5f@diigo.com,Male,205.167.230.73
50-3947739,Kennith,Langeley,klangeley5g@unesco.org,Male,246.82.245.140
25-1731770,Dyna,Lismore,dlismore5h@exblog.jp,Female,52.42.212.0
21-8048386,Antoine,Kettlestringes,akettlestringes5i@behance.net,Male,64.248.201.132
05-4566449,Virginia,Diviny,vdiviny5j@wikipedia.org,Female,160.110.192.98
01-3486952,Ferne,Ettels,fettels5k@adobe.com,Female,7.78.154.117
23-1546625,Leola,Byrch,lbyrch5l@over-blog.com,Female,11.127.46.5
08-3468860,Saunders,Darcy,sdarcy5m@imgur.com,Male,235.220.18.3
48-6736550,Laetitia,Annion,lannion5n@vk.com,Female,112.136.175.14
90-9612046,Carson,Imm,cimm5o@friendfeed.com,Male,242.221.153.70
88-4124560,Haily,Tarplee,htarplee5p@furl.net,Female,81.231.84.28
59-3208627,Malchy,McTeer,mmcteer5q@rediff.com,Male,9.168.45.62
92-1488899,Pierce,Eccleshare,peccleshare5r@google.es,Male,254.231.244.62
76-4270157,Sherwin,Bewicke,sbewicke5s@answers.com,Male,124.38.89.209
64-7105856,Kira,Braim,kbraim5t@cbc.ca,Female,248.137.150.29
76-0920110,Broddy,Cancellieri,bcancellieri5u@jigsy.com,Male,203.117.63.177
09-5997364,Tamqrah,Markovic,tmarkovic5v@google.com.br,Female,37.235.76.112
15-1561179,Esma,Mariotte,emariotte5w@china.com.cn,Female,209.211.225.53
40-5533537,Leonhard,Forte,lforte5x@gizmodo.com,Male,188.18.3.59
94-1693147,Ranique,Olver,rolver5y@wordpress.com,Female,119.6.199.168
02-3738469,Koo,Welman,kwelman5z@macromedia.com,Female,223.195.216.221
21-3041964,Edwin,Wilson,ewilson60@fc2.com,Male,210.123.162.98
40-8947528,Bondon,Copestake,bcopestake61@google.fr,Male,130.193.240.72
95-6427608,Orbadiah,Polendine,opolendine62@canalblog.com,Male,179.254.42.55
66-4536310,Frederic,Dunbleton,fdunbleton63@forbes.com,Male,166.126.187.8
39-6988127,Pete,Haslum,phaslum64@mozilla.com,Male,154.212.66.175
33-3476180,Granger,Muldownie,gmuldownie65@jigsy.com,Male,108.233.73.221
50-8313636,Taddeusz,Gerb,tgerb66@cnbc.com,Male,190.103.205.13
73-7788004,Geneva,Yarker,gyarker67@gov.uk,Female,118.222.164.25
21-2118141,Janessa,Worshall,jworshall68@about.com,Female,21.33.208.109
62-0063300,Donnie,Rosenshine,drosenshine69@liveinternet.ru,Female,229.213.159.112
99-3157705,Kennie,Allder,kallder6a@dell.com,Male,27.170.207.67
15-6444042,Albina,Robatham,arobatham6b@kickstarter.com,Female,167.48.245.53
51-7618371,Jade,Shottin,jshottin6c@topsy.com,Female,57.188.49.239
62-4184084,Ulla,Le Floch,ulefloch6d@list-manage.com,Female,62.146.204.241
00-0413929,Rab,Clotworthy,rclotworthy6e@elpais.com,Male,22.252.23.116
39-5873697,Salim,Damant,sdamant6f@moonfruit.com,Male,250.146.198.34
36-9450861,Jarred,Tute,jtute6g@goo.gl,Male,159.28.60.158
79-9453943,North,Kail,nkail6h@paginegialle.it,Male,191.117.111.238
28-5307545,Jo-ann,Bremond,jbremond6i@squidoo.com,Female,247.172.3.96
64-1684949,Webb,Grossier,wgrossier6j@istockphoto.com,Male,178.62.89.31
70-0417552,Langsdon,Ellacott,lellacott6k@japanpost.jp,Male,230.246.36.217
02-3706382,Theressa,Boules,tboules6l@nyu.edu,Female,206.239.50.240
03-9832190,Rockie,Mattin,rmattin6m@indiatimes.com,Male,139.188.200.246
87-9140470,Latashia,Rabier,lrabier6n@forbes.com,Female,165.137.89.30
30-9904695,Agatha,Paulot,apaulot6o@twitpic.com,Female,231.178.170.72
07-5784609,Gannon,Hatrick,ghatrick6p@mit.edu,Male,148.76.52.1
32-0010294,Pattie,Kmicicki,pkmicicki6q@behance.net,Female,191.65.79.254
98-5934099,Dennie,Duffy,dduffy6r@taobao.com,Female,87.39.148.250
21-3083313,Emmalynn,Daynter,edaynter6s@engadget.com,Female,228.14.163.80
53-5264246,Farand,Udell,fudell6t@accuweather.com,Female,21.12.189.55
58-3968372,Kain,Andraud,kandraud6u@utexas.edu,Male,103.24.49.35
56-8605668,Elna,Splevings,esplevings6v@issuu.com,Female,62.192.78.245
33-2058745,Jania,Coverlyn,jcoverlyn6w@webnode.com,Female,163.214.225.4
30-4126992,Nataniel,Duggary,nduggary6x@tiny.cc,Male,212.62.54.210
74-0197155,Blondie,Riby,briby6y@amazon.co.jp,Female,22.156.229.145
51-0637582,Roberto,Rubinov,rrubinov6z@blog.com,Male,190.174.90.207
67-4269601,Panchito,Bremley,pbremley70@chronoengine.com,Male,89.193.33.67
18-6418068,Kahaleel,O'Farris,kofarris71@purevolume.com,Male,111.97.218.49
72-8420947,Pascal,Grubbe,pgrubbe72@dropbox.com,Male,122.181.77.2
72-6635609,Thomasin,Hurst,thurst73@blogspot.com,Female,206.8.78.19
57-6749082,Francesco,Dickons,fdickons74@va.gov,Male,119.68.230.143
64-3714684,Stu,Shutler,sshutler75@163.com,Male,245.113.140.21
71-1203565,Leland,Divis,ldivis76@google.com.hk,Female,98.187.175.244
15-4890004,Ramsay,Paxton,rpaxton77@dagondesign.com,Male,59.142.45.61
17-2835414,Jewel,Peret,jperet78@constantcontact.com,Female,15.189.77.178
78-8907177,Gustave,Welbourn,gwelbourn79@google.it,Male,106.168.25.7
64-1080917,Sean,Aleksankov,saleksankov7a@google.ca,Male,113.55.78.87
92-1793432,Josefina,Oldman,joldman7b@topsy.com,Female,103.129.247.168
13-3060696,Joelynn,Sille,jsille7c@virginia.edu,Female,128.251.221.210
03-7620462,Joycelin,Dunlap,jdunlap7d@hhs.gov,Female,158.36.51.74
95-9396978,Mikol,Bartalot,mbartalot7e@typepad.com,Male,62.11.197.223
82-1193727,Joellen,Quinnette,jquinnette7f@theglobeandmail.com,Female,81.237.48.8
57-1847749,Lynda,Leftbridge,lleftbridge7g@google.com.au,Female,101.156.47.218
54-8081725,Justinian,Sobtka,jsobtka7h@reuters.com,Male,106.104.10.100
16-2860528,Jard,O' Scallan,joscallan7i@uiuc.edu,Male,161.64.49.161
96-0189868,Horton,Clynman,hclynman7j@baidu.com,Male,77.220.186.110
14-4745891,Lowell,Baline,lbaline7k@dedecms.com,Male,242.54.240.209
82-0159256,Adriana,Knapman,aknapman7l@ehow.com,Female,210.255.66.81
47-0216009,Livvie,Phillpotts,lphillpotts7m@reference.com,Female,62.146.104.93
29-3652713,Rustin,Jahan,rjahan7n@bigcartel.com,Male,127.11.146.58
59-6219608,Alair,Ternott,aternott7o@themeforest.net,Male,13.1.205.248
00-9451263,Cindelyn,MacKimm,cmackimm7p@feedburner.com,Female,200.129.36.170
05-8057223,Joscelin,Cardenoza,jcardenoza7q@ibm.com,Female,103.180.81.202
56-8820493,Nicol,Yoell,nyoell7r@mac.com,Male,121.35.239.138
45-3707657,Leda,Rihanek,lrihanek7s@ifeng.com,Female,136.170.199.165
21-7167011,Bing,Bartos,bbartos7t@nature.com,Male,235.133.57.114
96-9730235,Pate,Osgordby,posgordby7u@salon.com,Male,204.148.80.91
37-6574150,Channa,Bickford,cbickford7v@usa.gov,Female,17.65.167.240
90-8680724,Cyndia,Cathel,ccathel7w@cbsnews.com,Female,22.162.160.222
92-6383893,Thedrick,Divill,tdivill7x@quantcast.com,Male,111.170.96.201
19-3243223,Linette,Pargetter,lpargetter7y@guardian.co.uk,Female,60.126.177.200
79-6591925,Celene,Perel,cperel7z@pagesperso-orange.fr,Female,108.134.76.188
37-4855745,Northrop,Aggas,naggas80@newyorker.com,Male,106.77.180.96
20-5739856,Eugenius,Lighten,elighten81@opensource.org,Male,101.99.78.172
59-2501116,Donica,Goodlife,dgoodlife82@msn.com,Female,65.22.88.198
92-6701861,Moina,Darrigoe,mdarrigoe83@china.com.cn,Female,32.54.125.145
04-7115253,Sheffy,Sturgeon,ssturgeon84@state.gov,Male,85.254.152.238
70-7727234,Quintus,Haylor,qhaylor85@etsy.com,Male,177.145.163.235
78-2443863,Dael,Slaymaker,dslaymaker86@disqus.com,Female,182.56.58.148
20-6002964,Savina,Pawfoot,spawfoot87@reference.com,Female,77.82.3.3
58-0523556,Oralee,Kundert,okundert88@t-online.de,Female,140.143.106.61
05-8496358,Viviene,Hockey,vhockey89@canalblog.com,Female,182.24.152.85
58-8696093,Demetri,Petrolli,dpetrolli8a@dailymail.co.uk,Male,118.93.10.114
55-9744127,Aurora,Tissell,atissell8b@un.org,Female,207.41.147.201
79-8470428,Rickie,Tommeo,rtommeo8c@globo.com,Male,223.197.209.167
29-3234341,Bobby,Ladyman,bladyman8d@oracle.com,Male,215.167.250.139
52-4142381,Grethel,D' Angelo,gdangelo8e@mapquest.com,Female,110.221.213.162
07-2165877,Wynnie,Rashleigh,wrashleigh8f@foxnews.com,Female,77.14.215.153
29-8095765,Langston,Orcas,lorcas8g@scribd.com,Male,241.69.71.233
81-3453974,Audie,Briers,abriers8h@live.com,Female,164.140.76.20
50-9552909,Nils,Mussett,nmussett8i@un.org,Male,165.44.128.133
20-5935934,Avrom,Byrkmyr,abyrkmyr8j@nps.gov,Male,11.119.146.224
36-2898344,Donaugh,Behninck,dbehninck8k@apple.com,Male,113.71.203.58
25-6305473,Sully,Bottrill,sbottrill8l@liveinternet.ru,Male,123.72.231.221
33-3764549,Ed,Bellefonte,ebellefonte8m@dmoz.org,Male,3.3.4.233
18-7408519,Aksel,Byer,abyer8n@google.nl,Male,161.71.9.31
03-2407164,Garvy,Backe,gbacke8o@accuweather.com,Male,181.134.231.156
52-7159704,Haze,Fewell,hfewell8p@upenn.edu,Male,106.86.220.181
09-3066917,Lulu,McCrossan,lmccrossan8q@nymag.com,Female,185.54.115.208
82-2781898,Dicky,Ballentime,dballentime8r@deviantart.com,Male,117.158.96.134
52-5155127,Tomlin,Meaker,tmeaker8s@sourceforge.net,Male,187.157.210.208
66-6905088,Livia,Coumbe,lcoumbe8t@usa.gov,Female,33.20.76.109
68-1750004,Kent,Skeemor,kskeemor8u@eepurl.com,Male,94.55.148.176
36-9810072,Burton,Brandon,bbrandon8v@usgs.gov,Male,86.205.42.102
51-7596717,Felicia,D'orsay,fdorsay8w@naver.com,Female,125.193.95.164
85-6413723,Bunny,Coonan,bcoonan8x@about.com,Female,63.207.44.226
29-6819833,Vale,Kleinholz,vkleinholz8y@senate.gov,Female,178.248.189.66
55-0698231,Bealle,Colcutt,bcolcutt8z@flavors.me,Male,136.8.30.243
90-2416210,Appolonia,Lyford,alyford90@com.com,Female,139.145.62.139
16-2169928,Corette,Westgarth,cwestgarth91@google.com.hk,Female,75.191.47.204
62-4912141,Denney,Oxtiby,doxtiby92@harvard.edu,Male,25.57.253.72
87-3531587,Freeman,Mackilpatrick,fmackilpatrick93@lulu.com,Male,97.226.15.67
36-5110381,Randee,Gehricke,rgehricke94@java.com,Female,94.118.4.196
16-7141429,Humfrid,Errichelli,herrichelli95@ucoz.ru,Male,43.126.216.131
40-0805809,Tobiah,Scargle,tscargle96@techcrunch.com,Male,32.48.56.179
17-6459483,Carey,Brougham,cbrougham97@newyorker.com,Female,13.44.143.55
23-9370999,Ivy,Czapla,iczapla98@mail.ru,Female,91.214.89.25
96-5735607,Kalli,Hayford,khayford99@scientificamerican.com,Female,187.5.254.53
27-2232034,Sisely,Carloni,scarloni9a@aboutads.info,Female,214.118.127.87
57-3109246,Grove,Ebrall,gebrall9b@comsenz.com,Male,201.80.139.6
33-4717087,Gareth,Newbury,gnewbury9c@etsy.com,Male,217.90.17.13
36-4386458,Lynde,Bednall,lbednall9d@gmpg.org,Female,251.93.66.180
65-5810663,Delainey,Trewhela,dtrewhela9e@wordpress.com,Male,134.36.11.211
39-1850047,Melody,Demeter,mdemeter9f@amazonaws.com,Female,230.82.171.18
27-4449384,Ethelyn,Joerning,ejoerning9g@photobucket.com,Female,2.149.18.229
94-1207663,Oliviero,De Lacey,odelacey9h@yahoo.com,Male,154.56.143.30
68-8757149,Kristel,Wheatley,kwheatley9i@godaddy.com,Female,99.149.161.219
09-0867442,Northrup,Meacher,nmeacher9j@edublogs.org,Male,99.125.84.153
35-4023882,Callie,Peacher,cpeacher9k@boston.com,Female,190.101.1.43
02-2761536,Ellen,Antonognoli,eantonognoli9l@apple.com,Female,31.87.225.124
48-7310080,Mendel,Loffel,mloffel9m@lycos.com,Male,88.163.83.138
06-3957967,Petronille,Stangroom,pstangroom9n@patch.com,Female,105.74.173.220
76-0157182,Vick,Woodward,vwoodward9o@gravatar.com,Male,187.218.0.78
46-2482026,Tudor,Quainton,tquainton9p@skyrock.com,Male,235.118.242.79
18-2276532,Wes,Davidou,wdavidou9q@aboutads.info,Male,244.77.207.122
52-9395199,Sile,Grombridge,sgrombridge9r@nyu.edu,Female,114.240.196.248
95-5458707,Jae,Simonsson,jsimonsson9s@qq.com,Male,203.44.157.44
89-0849130,Michal,Goldby,mgoldby9t@mapquest.com,Female,165.153.176.2
08-6894569,Salvador,Monnery,smonnery9u@umn.edu,Male,55.205.196.174
62-4948103,Kaleb,Francesconi,kfrancesconi9v@mit.edu,Male,254.49.205.213
20-8147661,Javier,Eastam,jeastam9w@marriott.com,Male,196.137.23.211
60-8742064,Marguerite,Dogerty,mdogerty9x@vk.com,Female,175.228.124.15
00-9390687,Leroi,Hodgin,lhodgin9y@amazon.com,Male,98.160.218.234
22-6438731,Amargo,Gland,agland9z@mapy.cz,Female,32.238.232.84
94-9541893,Rachele,Schorah,rschoraha0@soup.io,Female,20.213.156.56
29-8336000,Neala,Carpe,ncarpea1@imgur.com,Female,15.132.123.91
38-6525880,Benjamin,MacClancey,bmacclanceya2@usda.gov,Male,13.137.19.186
25-8763323,Ludvig,Phython,lphythona3@patch.com,Male,92.225.22.99
99-2858624,Jenn,Huncoot,jhuncoota4@answers.com,Female,146.133.173.231
88-0701919,Remy,Sainter,rsaintera5@issuu.com,Female,202.104.25.15
78-4789105,Giacinta,Redfearn,gredfearna6@t-online.de,Female,134.117.40.89
58-2180350,Myca,Bourton,mbourtona7@blog.com,Male,100.186.128.236
04-8405230,Bennie,Press,bpressa8@pen.io,Female,154.218.150.228
62-5379846,Jori,Nore,jnorea9@about.com,Female,158.92.29.120
98-0363712,Gaultiero,Casin,gcasinaa@scribd.com,Male,229.232.164.112
05-2414204,Ulises,Scawton,uscawtonab@storify.com,Male,49.120.203.215
53-0257581,Randee,Foro,rforoac@vk.com,Female,161.116.154.94
31-1176969,Coop,Longstreeth,clongstreethad@webnode.com,Male,214.253.55.72
87-5474190,Bendick,MacIlurick,bmacilurickae@slashdot.org,Male,238.6.249.215
84-9266353,Asa,Kivell,akivellaf@shutterfly.com,Male,153.96.176.134
51-4263113,Blinni,Welsby,bwelsbyag@simplemachines.org,Female,42.214.130.38
71-3030269,Bruno,McGillivray,bmcgillivrayah@wufoo.com,Male,208.180.110.135
01-7624760,Roarke,Boards,rboardsai@harvard.edu,Male,95.245.72.89
54-7627552,Steven,Del Checolo,sdelchecoloaj@opensource.org,Male,46.236.224.162
91-9912294,Duffie,Cotgrave,dcotgraveak@jigsy.com,Male,97.129.78.117
83-0284921,Juan,Whyard,jwhyardal@theatlantic.com,Male,231.214.175.53
05-9992222,Percy,Alison,palisonam@barnesandnoble.com,Male,102.86.95.43
52-9823158,Kai,Trahearn,ktrahearnan@yellowpages.com,Female,141.31.226.31
10-6947963,Aeriell,Reddel,areddelao@ted.com,Female,21.197.10.173
02-3350420,Doe,Hardwicke,dhardwickeap@cornell.edu,Female,181.221.230.92
81-2894008,Sharleen,Iacovuzzi,siacovuzziaq@goo.ne.jp,Female,193.176.210.85
19-9756204,Giovanni,Benjafield,gbenjafieldar@sphinn.com,Male,169.91.152.37
89-8817833,Dari,Northeast,dnortheastas@walmart.com,Female,68.68.34.175
65-4616389,Gerhard,Coggin,gcogginat@slate.com,Male,249.163.108.5
96-3753589,Joanne,Phillipson,jphillipsonau@pcworld.com,Female,209.82.69.139
95-6752535,Dania,Vinick,dvinickav@wix.com,Female,24.145.23.142
68-3950215,Gene,Tullett,gtullettaw@networkadvertising.org,Male,53.114.161.253
09-1511301,Read,Hannent,rhannentax@merriam-webster.com,Male,151.188.0.148
18-6596333,Kaleena,Pfaff,kpfaffay@yellowpages.com,Female,22.139.230.141
37-0053235,Anthia,Druce,adruceaz@123-reg.co.uk,Female,141.189.175.160
73-2400075,Eulalie,Mulholland,emulhollandb0@icio.us,Female,73.69.16.96
10-2704549,Mellisa,Kenford,mkenfordb1@plala.or.jp,Female,229.40.85.0
57-6331821,Westleigh,Scrace,wscraceb2@meetup.com,Male,156.193.132.22
11-4475752,Harrison,Bummfrey,hbummfreyb3@unc.edu,Male,119.18.23.31
82-3295583,Worthy,Robak,wrobakb4@goodreads.com,Male,243.28.144.20
23-3565270,Nonna,Sheasby,nsheasbyb5@abc.net.au,Female,237.234.211.199
35-4446565,Hollyanne,Mixer,hmixerb6@mapy.cz,Female,216.144.122.173
65-7123369,Cathie,Rojas,crojasb7@dyndns.org,Female,58.42.220.163
06-8704732,Netty,Judkins,njudkinsb8@go.com,Female,186.28.215.238
40-4292172,Maryanna,Youhill,myouhillb9@g.co,Female,57.172.178.235
12-7459076,Weidar,Munroe,wmunroeba@youku.com,Male,124.234.56.9
75-6312780,Florie,Debrett,fdebrettbb@networkadvertising.org,Female,37.109.213.127
10-2721184,Abdel,Crudginton,acrudgintonbc@dailymotion.com,Male,43.76.164.219
47-3479836,Sunshine,Hunsworth,shunsworthbd@ezinearticles.com,Female,138.165.172.66
61-2657610,Axel,Spriggs,aspriggsbe@youku.com,Male,103.56.229.113
81-4348848,Simone,Eplate,seplatebf@yellowbook.com,Female,80.67.104.28
09-6549582,Alexi,Louthe,alouthebg@eventbrite.com,Female,119.40.129.11
54-7314267,Adelle,Baselli,abasellibh@hc360.com,Female,162.225.158.189
59-4520862,Jdavie,Hallahan,jhallahanbi@domainmarket.com,Male,230.52.144.148
07-1158960,Gram,Kadd,gkaddbj@squidoo.com,Male,152.255.45.42
46-5726263,Jerrie,Sivorn,jsivornbk@sciencedirect.com,Male,236.98.188.101
89-3875098,Dallas,Sumption,dsumptionbl@guardian.co.uk,Male,193.31.85.115
00-1520638,Car,Cymper,ccymperbm@trellian.com,Male,48.80.221.192
09-6220654,Hazel,Sigg,hsiggbn@skype.com,Female,242.28.84.59
43-4829668,Sallee,Krolik,skrolikbo@google.es,Female,149.183.205.50
60-7768263,Kaitlin,Geldeard,kgeldeardbp@meetup.com,Female,35.239.124.31
34-1324162,Abbie,Tschierse,atschiersebq@163.com,Male,44.4.139.197
16-4664761,Myrtle,MacSherry,mmacsherrybr@typepad.com,Female,202.70.183.59
05-4935636,Krystal,Snodin,ksnodinbs@hubpages.com,Female,223.217.157.170
82-7723654,Anatola,Spilsted,aspilstedbt@twitpic.com,Female,223.211.155.131
16-4000547,Cyrill,Voisey,cvoiseybu@spiegel.de,Male,169.158.133.102
28-7003324,Sena,Crafts,scraftsbv@ow.ly,Female,179.42.120.176
05-3365728,Devondra,Branchett,dbranchettbw@flavors.me,Female,95.243.87.217
69-8001388,Steffen,Pickwell,spickwellbx@4shared.com,Male,251.98.135.220
20-5034051,Kare,Kummerlowe,kkummerloweby@flickr.com,Female,90.94.116.141
17-3513248,Emlyn,Henriquet,ehenriquetbz@webmd.com,Male,107.124.154.207
73-5160865,Kerk,Roscher,kroscherc0@vkontakte.ru,Male,180.13.8.137
29-7154927,Darwin,Worvell,dworvellc1@hao123.com,Male,123.13.28.15
39-6506453,Roanne,Oldale,roldalec2@ucoz.ru,Female,45.134.177.228
96-1958895,Normand,Collett,ncollettc3@ca.gov,Male,24.33.99.79
08-5053214,Roz,Hollidge,rhollidgec4@fastcompany.com,Female,144.62.15.202
55-1671715,Dolf,Conneely,dconneelyc5@delicious.com,Male,65.37.193.202
01-1149925,Emily,Neeve,eneevec6@google.com.hk,Female,245.142.195.179
78-7932661,Agnese,Collum,acollumc7@google.fr,Female,132.53.179.223
22-1191276,Jeane,Satterlee,jsatterleec8@timesonline.co.uk,Female,98.50.180.255
54-4382407,Felipe,Nanuccioi,fnanuccioic9@sciencedirect.com,Male,192.181.19.198
08-8814647,Ethyl,Marshman,emarshmanca@indiatimes.com,Female,42.191.204.142
30-5066406,Revkah,Camelli,rcamellicb@foxnews.com,Female,139.6.25.24
42-0767169,Chic,Folkes,cfolkescc@reddit.com,Male,41.154.96.201
40-3222251,Piotr,Salasar,psalasarcd@wisc.edu,Male,210.126.64.89
99-5954369,Penn,Wynett,pwynettce@aol.com,Male,206.213.140.21
97-7193043,Spike,Snoddy,ssnoddycf@sciencedaily.com,Male,184.195.243.241
85-9337160,Emelda,Lucia,eluciacg@is.gd,Female,75.4.97.8
34-5283875,Blondell,Appleford,bapplefordch@naver.com,Female,186.242.118.33
76-4687382,Joete,Sallarie,jsallarieci@artisteer.com,Female,41.212.107.232
45-2368075,Isaiah,Vassano,ivassanocj@cargocollective.com,Male,136.84.244.122
60-0835849,Alvira,Teek,ateekck@dot.gov,Female,51.239.46.179
96-8062702,Joyann,Preator,jpreatorcl@ed.gov,Female,0.212.4.50
71-9528731,Iggie,Cortin,icortincm@cloudflare.com,Male,102.4.64.117
74-2713060,Bryan,Giorgiutti,bgiorgiutticn@surveymonkey.com,Male,193.180.127.101
76-8484789,Alvie,Bewlie,abewlieco@aboutads.info,Male,141.58.141.230
32-5273652,Gonzalo,Sutor,gsutorcp@google.ca,Male,35.224.4.75
39-3847199,Janeva,Conti,jconticq@ted.com,Female,112.68.67.117
45-2093488,Marten,Wooles,mwoolescr@businesswire.com,Male,35.134.81.77
87-5056879,Celinda,Tummond,ctummondcs@unblog.fr,Female,250.189.194.241
62-0054624,Zorine,Paiton,zpaitonct@delicious.com,Female,98.168.146.56
61-9240270,Deeanne,Malden,dmaldencu@vk.com,Female,89.5.191.149
97-8113736,Kerry,Dunrige,kdunrigecv@earthlink.net,Female,205.65.156.107
69-6432424,Findley,Malec,fmaleccw@hubpages.com,Male,31.73.40.189
05-6369831,Garwood,Teenan,gteenancx@aboutads.info,Male,226.63.132.216
36-7253933,Brett,McCrum,bmccrumcy@topsy.com,Male,234.72.108.121
90-3004476,Silvio,Beardshaw,sbeardshawcz@amazon.co.uk,Male,204.249.106.167
25-9206132,Romonda,Stoggles,rstogglesd0@google.it,Female,89.165.55.129
93-3457571,Ardra,Moynihan,amoynihand1@google.pl,Female,62.213.176.74
10-4947439,Christophe,Orts,cortsd2@aboutads.info,Male,91.219.252.172
51-7464284,Arly,Axton,aaxtond3@hatena.ne.jp,Female,192.61.107.183
52-6226483,Inness,Ladd,iladdd4@ycombinator.com,Male,225.108.80.92
34-9923264,Sally,Pickup,spickupd5@amazonaws.com,Female,192.94.146.198
15-6404305,Cammie,Tibb,ctibbd6@smh.com.au,Female,53.36.234.179
18-3470111,Kelcy,Lothlorien,klothloriend7@ox.ac.uk,Female,228.37.144.136
00-7918322,Meghan,Hogbin,mhogbind8@paginegialle.it,Female,73.11.248.213
98-4624457,Sigismond,Moverley,smoverleyd9@opensource.org,Male,2.165.4.234
44-5430248,Laurice,Omond,lomondda@wordpress.org,Female,40.187.242.236
88-5057598,Osbourne,Hurley,ohurleydb@lulu.com,Male,105.137.227.139
60-5682008,Marion,Fauguel,mfaugueldc@wordpress.com,Male,253.40.75.61
18-2483598,Raimondo,Shoesmith,rshoesmithdd@baidu.com,Male,196.106.51.181
61-5160587,Morgen,Zolini,mzolinide@shutterfly.com,Female,211.167.249.57
31-6086317,Dex,Markwell,dmarkwelldf@house.gov,Male,49.238.46.129
78-7183357,Dulciana,Musicka,dmusickadg@cnbc.com,Female,19.78.184.220
61-4619008,Gill,Spores,gsporesdh@indiegogo.com,Female,223.0.175.85
18-4703587,Ezekiel,Duddell,eduddelldi@wiley.com,Male,231.61.26.219
69-9593324,Reagen,Ebbutt,rebbuttdj@posterous.com,Male,34.216.108.11
02-1331708,Ezechiel,Carney,ecarneydk@ustream.tv,Male,203.70.221.202
93-7939977,Anastassia,Onge,aongedl@google.co.jp,Female,97.57.13.212
23-9045703,Alfie,Cathcart,acathcartdm@xinhuanet.com,Male,197.189.164.103
61-3459247,Tiphany,Grindall,tgrindalldn@php.net,Female,75.131.44.106
56-8244532,Karina,Cantwell,kcantwelldo@cyberchimps.com,Female,223.7.156.52
52-3507514,Thaddeus,Kelson,tkelsondp@joomla.org,Male,213.81.29.1
70-3822958,Sonja,Hatchell,shatchelldq@google.de,Female,168.244.71.29
30-3389597,Christan,Bossons,cbossonsdr@multiply.com,Female,215.173.239.174
85-6916839,Isadore,Lygo,ilygods@google.pl,Male,88.160.127.97
81-3263658,Kevyn,Widdall,kwiddalldt@imageshack.us,Female,210.182.137.20
67-3478782,Anatola,Forster,aforsterdu@123-reg.co.uk,Female,163.197.112.143
42-2272472,Denni,Pinhorn,dpinhorndv@yellowpages.com,Female,192.254.138.182
09-6958875,Phaedra,Osmond,posmonddw@epa.gov,Female,46.17.82.117
74-3705534,Inglebert,Catlow,icatlowdx@jigsy.com,Male,46.207.91.226
65-8404187,Sandor,O'Spellissey,sospellisseydy@elpais.com,Male,211.36.93.126
39-7017262,Prissie,Creasey,pcreaseydz@gravatar.com,Female,222.237.127.205
22-6391847,Dalt,Dyke,ddykee0@amazon.de,Male,35.219.223.186
19-7841840,Danya,Nealey,dnealeye1@usgs.gov,Female,54.144.219.99
83-8050990,Sumner,Gillingham,sgillinghame2@godaddy.com,Male,42.37.152.204
89-8933130,Simmonds,Nono,snonoe3@tripod.com,Male,31.136.219.101
13-7674926,Reid,Naughton,rnaughtone4@simplemachines.org,Male,84.245.240.186
63-2960155,Forester,Pedron,fpedrone5@blinklist.com,Male,167.33.124.129
69-1421838,Delmor,Choldcroft,dcholdcrofte6@mysql.com,Male,47.42.183.59
10-6589721,Lilias,Yantsev,lyantseve7@wordpress.com,Female,13.122.134.21
52-3226584,Kimberlyn,Quartly,kquartlye8@dropbox.com,Female,62.22.130.62
30-6268449,Renata,Kilty,rkiltye9@i2i.jp,Female,119.89.172.2
72-9571052,Celina,Ciubutaro,cciubutaroea@typepad.com,Female,2.98.15.14
43-4133821,Cherise,Farmloe,cfarmloeeb@nifty.com,Female,25.183.238.99
90-1571237,Gusti,Messruther,gmessrutherec@bluehost.com,Female,56.220.174.0
18-3733025,Christopher,McLae,cmclaeed@virginia.edu,Male,74.210.42.21
80-1107893,Andrei,Pleace,apleaceee@vk.com,Female,243.145.189.69
83-5451300,Lane,Bourrel,lbourrelef@usda.gov,Female,236.212.95.183
77-3616247,Vivi,Beardshaw,vbeardshaweg@npr.org,Female,4.88.25.37
08-6453849,Rusty,Papierz,rpapierzeh@mediafire.com,Male,6.28.123.78
96-2135679,Lutero,Gwioneth,lgwionethei@baidu.com,Male,143.38.2.1
74-1275327,Filide,Moulding,fmouldingej@hibu.com,Female,96.104.131.150
10-7882731,Rodd,Rapier,rrapierek@illinois.edu,Male,143.90.145.42
45-8131341,Wilton,Wroth,wwrothel@sakura.ne.jp,Male,61.163.159.150
53-5938082,Lorant,Barbary,lbarbaryem@dion.ne.jp,Male,33.144.135.39
55-7224185,Corissa,Petrik,cpetriken@toplist.cz,Female,32.11.69.72
34-9404166,Gwyn,Abrahmson,gabrahmsoneo@yelp.com,Female,92.253.130.104
40-6002815,Shani,Workes,sworkesep@economist.com,Female,147.115.226.253
27-4204715,Antoine,Lynam,alynameq@bing.com,Male,69.48.136.55
89-9297337,Marve,Drees,mdreeser@quantcast.com,Male,137.240.86.158
33-9691329,Raf,Fowlie,rfowliees@weibo.com,Female,85.14.213.16
53-8873181,Thekla,Reignard,treignardet@ucsd.edu,Female,86.242.89.147
67-2938420,Bridie,Rabbage,brabbageeu@squarespace.com,Female,176.78.130.5
69-6506505,Niles,Kopmann,nkopmannev@foxnews.com,Male,210.148.250.218
58-6857258,Scotty,Bellworthy,sbellworthyew@mapquest.com,Male,166.148.167.75
27-0596209,Justino,Sibson,jsibsonex@issuu.com,Male,155.44.122.95
69-8580721,Ogden,Sickert,osickertey@mashable.com,Male,179.28.198.102
03-0207566,Jedidiah,Isselee,jisseleeez@wufoo.com,Male,218.254.13.74
90-0880049,Perry,Bruhn,pbruhnf0@123-reg.co.uk,Male,239.204.13.86
64-9004185,Leann,Limbert,llimbertf1@t.co,Female,216.130.68.73
15-4011026,Rois,Tomasello,rtomasellof2@wunderground.com,Female,153.59.234.199
28-7730373,Nealy,Wakenshaw,nwakenshawf3@prlog.org,Male,247.97.200.86
77-8319982,Cecelia,Del Dello,cdeldellof4@cdbaby.com,Female,222.229.193.246
14-3740615,Bartlett,Sabathier,bsabathierf5@facebook.com,Male,64.20.118.215
36-9477506,Bibby,Hastewell,bhastewellf6@theglobeandmail.com,Female,35.185.91.105
33-2735272,Thane,Grishukhin,tgrishukhinf7@nifty.com,Male,172.80.252.204
77-7508928,Hodge,Shankster,hshanksterf8@mashable.com,Male,61.237.215.178
57-3019537,Goldarina,Burril,gburrilf9@surveymonkey.com,Female,192.36.3.197
95-2420371,Kippie,Duffree,kduffreefa@domainmarket.com,Male,89.48.116.110
86-0973365,Sargent,Dury,sduryfb@scribd.com,Male,118.85.116.85
50-7738133,Dawna,Housego,dhousegofc@slashdot.org,Female,212.21.171.249
80-0910076,Juana,Valdes,jvaldesfd@nhs.uk,Female,238.39.125.96
03-1664142,Tera,Le Gassick,tlegassickfe@xing.com,Female,155.203.75.17
65-4271027,Eolanda,Silkston,esilkstonff@delicious.com,Female,182.103.165.152
24-6485987,Lora,Regus,lregusfg@about.com,Female,89.84.124.75
68-1806361,Taffy,Bidewel,tbidewelfh@marriott.com,Female,225.172.227.35
18-2744941,Chaddie,Filyukov,cfilyukovfi@uiuc.edu,Male,250.37.35.206
76-5687550,Verina,Roblou,vrobloufj@tamu.edu,Female,188.125.2.70
93-2776500,Karlens,Filppetti,kfilppettifk@networkadvertising.org,Male,177.148.245.113
20-5527105,Rayna,Server,rserverfl@devhub.com,Female,207.249.195.208
31-6866984,Elka,Huller,ehullerfm@spotify.com,Female,146.233.60.81
32-9369768,Franny,Ramard,framardfn@mayoclinic.com,Male,78.248.246.226
34-9079496,Federica,Headford,fheadfordfo@google.co.uk,Female,60.221.105.51
02-5227700,Vivianna,Heinl,vheinlfp@ustream.tv,Female,39.116.5.41
25-8097073,Tonnie,Roome,troomefq@arstechnica.com,Male,28.125.46.177
09-8248371,Lorenzo,McCuaig,lmccuaigfr@buzzfeed.com,Male,71.147.4.181
98-8946372,Stinky,Durn,sdurnfs@t.co,Male,184.201.165.69
85-6931447,Candace,Flewan,cflewanft@seesaa.net,Female,191.181.42.115
13-5975179,Marlane,Dimont,mdimontfu@japanpost.jp,Female,120.205.43.42
50-4899393,Sheelah,Glasner,sglasnerfv@princeton.edu,Female,217.37.57.104
19-8433456,Freeland,Ibbeson,fibbesonfw@mediafire.com,Male,44.37.185.222
16-8521397,Reinold,Andrivel,randrivelfx@si.edu,Male,76.189.32.189
31-3665767,Gaston,Wilcock,gwilcockfy@weebly.com,Male,178.209.46.218
96-5326603,Llywellyn,Bluett,lbluettfz@desdev.cn,Male,243.251.41.90
79-1436164,Deb,Cronshaw,dcronshawg0@nhs.uk,Female,95.223.247.118
49-3123461,Wanda,Haslam,whaslamg1@google.fr,Female,102.236.48.30
00-4986230,Jenny,Sturdey,jsturdeyg2@tuttocitta.it,Female,58.140.96.4
93-1751598,Theobald,O' Lone,toloneg3@ehow.com,Male,199.113.115.113
18-3557158,Marrissa,Vogl,mvoglg4@sfgate.com,Female,125.64.108.15
13-1798383,Dee,Dungay,ddungayg5@prlog.org,Female,217.247.100.243
09-2138291,Laurie,Wellstood,lwellstoodg6@fema.gov,Female,61.99.179.155
15-2030005,Quinlan,Pinfold,qpinfoldg7@washington.edu,Male,199.107.119.194
70-0648450,Julienne,Pere,jpereg8@indiegogo.com,Female,217.227.199.115
72-6308060,Jan,Hunt,jhuntg9@goo.ne.jp,Female,36.119.51.96
11-6827092,Morten,McKeveney,mmckeveneyga@hp.com,Male,116.119.147.97
14-0899382,Jandy,Gorhardt,jgorhardtgb@microsoft.com,Female,20.6.49.92
24-8769882,Rustie,Courtese,rcourtesegc@google.cn,Male,157.178.66.232
75-7636623,Roxanna,Smalley,rsmalleygd@newyorker.com,Female,114.84.0.55
04-4365166,Fleur,Hannis,fhannisge@marketwatch.com,Female,215.67.245.40
80-6873658,Gerrard,Athersmith,gathersmithgf@sourceforge.net,Male,160.37.76.124
69-7553473,Holli,O'Caherny,hocahernygg@diigo.com,Female,29.179.180.157
77-0184563,Michaela,Yuranovev,myuranovevgh@yolasite.com,Female,176.110.83.246
07-9635336,Vassili,Carswell,vcarswellgi@alexa.com,Male,35.120.194.219
67-0560079,Elenore,Twinborough,etwinboroughgj@hhs.gov,Female,16.140.145.52
30-6802394,Lorry,Cecchetelli,lcecchetelligk@irs.gov,Male,203.228.255.105
09-5994706,Gavrielle,Hindrick,ghindrickgl@ted.com,Female,88.54.150.186
37-9904500,Rose,Clubley,rclubleygm@wp.com,Female,32.135.242.140
18-5975439,Serge,Stearns,sstearnsgn@homestead.com,Male,170.78.51.169
77-9067339,Berti,Sarl,bsarlgo@eepurl.com,Male,194.126.180.133
38-7836934,Fulton,Neame,fneamegp@slate.com,Male,51.68.87.2
83-7684127,Tandi,Chinnock,tchinnockgq@friendfeed.com,Female,68.7.214.114
04-2875864,Mariellen,Dalrymple,mdalrymplegr@geocities.com,Female,38.134.189.41
63-1167203,Becky,Haywood,bhaywoodgs@who.int,Female,157.206.158.182
13-6661013,Salomon,Lemar,slemargt@japanpost.jp,Male,226.45.244.255
79-8334714,Hortense,Jessett,hjessettgu@cargocollective.com,Female,180.33.10.138
15-6512383,Erwin,Carvil,ecarvilgv@disqus.com,Male,119.102.231.86
22-1224754,Isabeau,Ardley,iardleygw@google.it,Female,143.11.166.52
79-4888479,Lavinie,Polack,lpolackgx@statcounter.com,Female,165.77.218.131
08-0886860,Gaylene,Fawthrop,gfawthropgy@thetimes.co.uk,Female,136.218.143.62
98-1098282,Rois,Mourge,rmourgegz@engadget.com,Female,111.227.159.166
23-7977150,Lishe,Arens,larensh0@over-blog.com,Female,157.95.238.228
89-4326146,Trudie,Bartelot,tbarteloth1@scribd.com,Female,246.16.191.227
79-6599730,Raffarty,Roggerone,rroggeroneh2@phoca.cz,Male,231.89.92.173
27-3042460,Brennan,Higgan,bhigganh3@istockphoto.com,Male,120.164.131.189
98-1614459,Lori,Gregan,lgreganh4@squarespace.com,Female,56.252.21.38
44-5962975,Heda,Sherme,hshermeh5@deliciousdays.com,Female,226.133.123.145
10-7588113,Kandace,Ladbrooke,kladbrookeh6@flavors.me,Female,207.179.109.108
11-5849737,Reagan,Macbeth,rmacbethh7@nbcnews.com,Male,100.213.209.220
63-1753726,Margarita,Domoney,mdomoneyh8@delicious.com,Female,153.48.234.15
40-7212269,Winnah,Sambals,wsambalsh9@google.com.hk,Female,216.130.248.66
36-0942054,Myrle,Sprigging,mspriggingha@netlog.com,Female,142.15.98.160
14-2443353,Sandy,Eley,seleyhb@google.ru,Male,236.167.246.167
44-5628037,Billy,Cater,bcaterhc@ovh.net,Male,249.3.244.148
51-1413643,Nancey,Boutell,nboutellhd@princeton.edu,Female,6.19.71.82
83-7068802,Marrissa,Broadberry,mbroadberryhe@ifeng.com,Female,158.18.254.122
08-6060976,Kort,Drennan,kdrennanhf@walmart.com,Male,4.132.23.21
25-4522537,Courtenay,Arger,cargerhg@cyberchimps.com,Female,215.204.153.7
54-8005826,Abba,Tubby,atubbyhh@msn.com,Male,249.126.118.204
92-1133533,Phebe,Fayer,pfayerhi@booking.com,Female,105.228.206.1
44-5280048,Christan,Rasher,crasherhj@redcross.org,Female,78.112.19.90
25-0329342,Jillana,Wardle,jwardlehk@disqus.com,Female,135.51.77.199
48-6588323,Jeniece,Feldstein,jfeldsteinhl@economist.com,Female,38.196.220.97
76-8128512,Franklyn,Wethey,fwetheyhm@amazon.com,Male,76.192.22.210
28-1571402,Karena,Prott,kprotthn@dot.gov,Female,3.231.245.158
23-7275166,Fannie,Coghill,fcoghillho@gnu.org,Female,10.228.240.86
95-1461579,Saul,Wedmore.,swedmorehp@merriam-webster.com,Male,151.165.41.161
40-7271155,Bailey,Pernell,bpernellhq@whitehouse.gov,Male,196.92.107.42
30-2713647,Frederica,Hocking,fhockinghr@tuttocitta.it,Female,230.14.216.113
78-1300830,Merline,Chason,mchasonhs@devhub.com,Female,195.67.85.210
10-0799817,Shepperd,Groundwator,sgroundwatorht@youtube.com,Male,207.87.152.117
88-5903291,Sallyanne,Whatham,swhathamhu@auda.org.au,Female,214.6.209.113
92-5022448,Keefe,O'Bradane,kobradanehv@nih.gov,Male,70.199.101.55
83-7570754,Corly,Zanini,czaninihw@prweb.com,Female,58.65.207.20
96-6048628,Liliane,McLleese,lmclleesehx@bizjournals.com,Female,137.124.222.88
52-8320322,Chet,Shrubshall,cshrubshallhy@home.pl,Male,124.81.147.119
87-7455139,Skylar,Crathern,scrathernhz@unesco.org,Male,192.144.116.133
88-2220602,Adriane,Dye,adyei0@skype.com,Female,22.138.162.73
19-3446165,Lewiss,Marian,lmariani1@wired.com,Male,100.8.196.203
45-3406750,Wilburt,Nobbs,wnobbsi2@elegantthemes.com,Male,157.30.202.208
06-1899219,Lionello,Eldershaw,leldershawi3@reverbnation.com,Male,240.139.14.183
10-2602668,Gerladina,Bawle,gbawlei4@bluehost.com,Female,155.113.48.210
98-0559620,Norene,Huckerby,nhuckerbyi5@fc2.com,Female,85.76.40.129
80-2469670,Peta,Cuddehay,pcuddehayi6@vinaora.com,Female,131.108.81.170
00-7600407,Wit,Semered,wsemeredi7@nature.com,Male,58.60.196.102
33-3114288,Terencio,Harsum,tharsumi8@senate.gov,Male,198.244.182.250
61-3419027,Cory,Olfert,colferti9@springer.com,Female,250.162.71.137
05-9131120,Manfred,Malkie,mmalkieia@nature.com,Male,173.255.220.76
35-6078256,Tilly,Osband,tosbandib@blogspot.com,Female,82.249.37.78
45-0542014,Orville,Barraclough,obarracloughic@seattletimes.com,Male,174.24.73.106
01-3545122,Chan,Elliman,cellimanid@auda.org.au,Male,21.59.134.197
11-4232915,Nadean,Murfill,nmurfillie@blinklist.com,Female,28.45.150.15
82-7008490,Towney,Ofener,tofenerif@netvibes.com,Male,187.174.139.139
85-5079927,Cirillo,Bennike,cbennikeig@ocn.ne.jp,Male,48.146.145.120
24-6115993,Cornela,Beadnell,cbeadnellih@360.cn,Female,99.211.207.145
32-6464714,Elenore,Spilsbury,espilsburyii@spotify.com,Female,8.185.69.114
43-4075407,Adelle,Costan,acostanij@tiny.cc,Female,146.68.215.91
49-7325400,Mischa,Covell,mcovellik@netlog.com,Male,2.82.230.172
46-3590850,Deloria,Guterson,dgutersonil@google.it,Female,204.195.0.167
06-5405775,Eleanore,Dillicate,edillicateim@buzzfeed.com,Female,116.235.157.34
60-3910761,Stanton,O'Donovan,sodonovanin@disqus.com,Male,109.171.126.144
14-0065605,Kitti,Labuschagne,klabuschagneio@utexas.edu,Female,28.161.179.12
57-8747159,Chrisy,Finlason,cfinlasonip@nbcnews.com,Male,65.14.113.195
51-5662115,Arley,Clowney,aclowneyiq@ezinearticles.com,Male,133.227.215.107
30-1882489,Nevins,Vigours,nvigoursir@irs.gov,Male,103.26.109.118
86-3813968,Tallulah,Niesel,tnieselis@seesaa.net,Female,211.221.222.82
09-0465202,Creight,Gutcher,cgutcherit@youtube.com,Male,10.64.57.51
44-6797831,Valdemar,de Leon,vdeleoniu@walmart.com,Male,145.255.64.48
39-3580266,Ole,Bools,oboolsiv@jimdo.com,Male,102.154.223.175
51-0157779,Netti,Helian,nhelianiw@deviantart.com,Female,246.37.182.29
35-3298069,Dagny,Brabham,dbrabhamix@bing.com,Male,2.216.172.239
05-5484252,Whitney,Serrier,wserrieriy@oaic.gov.au,Female,160.183.177.69
89-6412564,Lockwood,Willett,lwillettiz@blogger.com,Male,117.140.18.153
51-1518086,Woodrow,Bracknell,wbracknellj0@rambler.ru,Male,116.116.164.181
40-0257460,Horace,Amaya,hamayaj1@ucla.edu,Male,144.108.48.196
57-8390813,Arleyne,Fend,afendj2@goo.gl,Female,74.221.254.187
45-7486957,Aldrich,Povele,apovelej3@amazon.com,Male,63.68.30.133
20-9297953,Griselda,Getty,ggettyj4@dailymail.co.uk,Female,184.38.106.204
73-9206023,Saunder,Garry,sgarryj5@cdbaby.com,Male,162.233.139.15
66-3950177,Loutitia,Tomowicz,ltomowiczj6@businessinsider.com,Female,28.6.6.245
58-4820219,Elaine,Dinzey,edinzeyj7@quantcast.com,Female,69.210.63.195
20-7279782,Gardener,Taffie,gtaffiej8@washington.edu,Male,60.156.245.124
47-0037257,Orren,Lukianov,olukianovj9@geocities.jp,Male,33.208.153.43
00-5072589,Tamas,Kinman,tkinmanja@tiny.cc,Male,12.178.60.245
99-5590396,Currey,MacGeffen,cmacgeffenjb@dailymail.co.uk,Male,48.81.211.195
60-6028174,Rabbi,Turville,rturvillejc@mayoclinic.com,Male,186.214.89.66
30-4840436,Durward,Jiggens,djiggensjd@github.com,Male,81.183.203.180
43-1166167,Sherye,Esche,sescheje@netscape.com,Female,16.223.37.189
30-9701608,Elmo,MacPadene,emacpadenejf@addthis.com,Male,129.95.251.5
70-4472345,Leonard,Domonkos,ldomonkosjg@mozilla.org,Male,22.56.219.113
21-8601625,Catina,Dudman,cdudmanjh@cbsnews.com,Female,232.175.19.252
87-6126590,Everard,Florence,eflorenceji@google.de,Male,108.33.180.252
03-8690224,Nelie,Murkitt,nmurkittjj@icio.us,Female,150.36.205.34
76-0490783,Leora,Stimpson,lstimpsonjk@biblegateway.com,Female,86.145.227.123
54-5390465,Beryle,Beatens,bbeatensjl@i2i.jp,Female,44.14.81.82
82-9822092,Donall,Rothon,drothonjm@google.it,Male,191.125.33.155
35-1050453,Allistir,Toner,atonerjn@intel.com,Male,36.46.75.16
06-1712234,Daria,Zecchii,dzecchiijo@yolasite.com,Female,24.104.169.89
11-0459571,Phillie,Tompion,ptompionjp@disqus.com,Female,139.161.174.138
38-6361102,Berny,Mattaser,bmattaserjq@psu.edu,Male,198.29.243.184
67-3700820,Templeton,Drydale,tdrydalejr@cbslocal.com,Male,69.219.192.46
74-2212582,Ryun,Du Fray,rdufrayjs@virginia.edu,Male,244.13.4.37
72-0175834,Miller,Mathison,mmathisonjt@sourceforge.net,Male,138.16.50.165
20-1499395,Francesca,Morston,fmorstonju@soundcloud.com,Female,248.160.122.94
04-8609097,Kathe,Walsom,kwalsomjv@vinaora.com,Female,224.142.31.244
90-1275220,Cacilie,Regitz,cregitzjw@latimes.com,Female,217.12.122.227
95-5502668,Cathie,Dovey,cdoveyjx@oracle.com,Female,209.39.46.139
49-8421115,Derril,de Banke,ddebankejy@liveinternet.ru,Male,122.136.161.254
66-5664391,Brigitte,Dundredge,bdundredgejz@bbb.org,Female,173.150.65.130
81-7772516,Gannie,Bowgen,gbowgenk0@mysql.com,Male,246.139.78.90
36-8715267,Brewster,Mariel,bmarielk1@census.gov,Male,28.202.62.91
39-8362066,Packston,Mityushkin,pmityushkink2@google.nl,Male,246.214.186.118
49-1689219,Lena,Maddams,lmaddamsk3@yellowbook.com,Female,198.125.66.12
21-5099474,Rickie,Di Carli,rdicarlik4@gov.uk,Male,165.75.12.7
30-5405003,Claire,Estcourt,cestcourtk5@elegantthemes.com,Female,251.183.151.18
61-1417490,Kesley,Pellant,kpellantk6@economist.com,Female,230.60.194.215
16-2113097,Park,Milborn,pmilbornk7@t-online.de,Male,20.20.107.124
37-7465590,Hamel,Bentson,hbentsonk8@nationalgeographic.com,Male,1.194.18.92
19-3954175,Morey,Magowan,mmagowank9@tripod.com,Male,21.149.254.222
45-5599633,Lincoln,Ivashnikov,livashnikovka@google.it,Male,8.139.106.165
39-4635270,Dill,Haet,dhaetkb@skyrock.com,Male,107.94.161.29
95-7907339,Janine,Brownrigg,jbrownriggkc@kickstarter.com,Female,14.196.181.51
05-0373560,Chandal,Randerson,crandersonkd@ox.ac.uk,Female,103.237.137.223
58-7135113,Wilden,Keddie,wkeddieke@opensource.org,Male,175.154.89.93
79-3215585,Thayne,O'Donoghue,todonoghuekf@java.com,Male,209.237.105.199
57-2358833,Pen,Sanney,psanneykg@forbes.com,Male,152.26.210.51
86-8974167,Inesita,Worley,iworleykh@techcrunch.com,Female,30.86.202.15
79-2716220,Ransell,Cousin,rcousinki@ow.ly,Male,41.29.217.47
09-3849324,Josias,Bayles,jbayleskj@narod.ru,Male,160.219.84.99
86-7029773,Fanchon,Althorpe,falthorpekk@cnet.com,Female,118.90.132.73
25-6983720,Dar,Scroyton,dscroytonkl@blog.com,Male,127.59.103.151
51-4555524,Meridith,McPhee,mmcpheekm@newsvine.com,Female,40.62.101.182
39-3719670,Rosalyn,Godman,rgodmankn@narod.ru,Female,138.160.33.246
79-5294848,Hershel,Olden,holdenko@live.com,Male,18.6.81.112
35-4610184,Hervey,Bagguley,hbagguleykp@amazon.de,Male,168.59.158.123
22-9418442,Dagmar,Aistrop,daistropkq@umich.edu,Female,11.251.205.28
51-8510077,Nevile,Fleet,nfleetkr@odnoklassniki.ru,Male,71.165.94.150
81-6962816,Idell,Wilflinger,iwilflingerks@wiley.com,Female,101.101.36.53
78-6351282,Anatole,Brummitt,abrummittkt@discovery.com,Male,254.67.153.126
23-0679791,Brigham,Brockie,bbrockieku@cloudflare.com,Male,135.83.208.143
81-5375553,Erich,Hubble,ehubblekv@tmall.com,Male,180.43.238.127
44-0870243,Elfreda,Medeway,emedewaykw@blogtalkradio.com,Female,81.22.214.45
69-0200866,Irving,Bunston,ibunstonkx@sciencedaily.com,Male,71.105.128.21
28-8987486,Jarib,Klimkov,jklimkovky@tiny.cc,Male,187.189.82.33
57-0190831,Asher,Wardrop,awardropkz@phpbb.com,Male,119.31.0.85
50-8814945,Kellen,Call,kcalll0@webnode.com,Female,164.87.212.218
42-5880858,Antonin,Tottle,atottlel1@sogou.com,Male,254.100.43.89
87-3296283,Brinna,Deeble,bdeeblel2@rakuten.co.jp,Female,178.151.128.173
57-4297741,Benedick,Wittleton,bwittletonl3@topsy.com,Male,10.50.241.206
00-3452336,Whitaker,Gabe,wgabel4@google.pl,Male,154.133.223.205
71-8330375,Micky,Giottini,mgiottinil5@com.com,Female,136.89.222.44
28-7825330,Dorolisa,Challice,dchallicel6@discuz.net,Female,74.57.64.118
48-6403335,Peta,Shervil,pshervill7@wikimedia.org,Female,48.29.21.112
54-6904279,Constance,Mathissen,cmathissenl8@phpbb.com,Female,27.181.73.242
69-8339105,Brigitte,Ratt,brattl9@newyorker.com,Female,95.43.107.42
40-7394922,Pavlov,Cathenod,pcathenodla@ihg.com,Male,213.195.211.206
24-0965873,Wendie,Skevington,wskevingtonlb@toplist.cz,Female,124.132.15.146
79-5990870,Clim,Meadowcroft,cmeadowcroftlc@cdc.gov,Male,25.234.160.220
40-8849597,Milicent,Banbridge,mbanbridgeld@apache.org,Female,203.254.112.226
09-6128221,Linc,Iston,listonle@godaddy.com,Male,233.237.189.77
21-8528085,Liam,Cypler,lcyplerlf@webeden.co.uk,Male,205.148.129.96
83-7048751,Kathie,Josebury,kjoseburylg@mtv.com,Female,178.201.44.70
13-6580752,Dawn,Giraudat,dgiraudatlh@dot.gov,Female,0.219.170.123
52-5744803,Forbes,Isaak,fisaakli@oaic.gov.au,Male,50.104.113.77
06-2776378,Doe,Beslier,dbeslierlj@kickstarter.com,Female,112.190.181.125
05-5623252,Howard,Picton,hpictonlk@rambler.ru,Male,187.138.91.62
88-2737525,Osbourne,Musterd,omusterdll@cisco.com,Male,80.83.127.0
33-5997527,Winthrop,Joynson,wjoynsonlm@ucoz.ru,Male,246.91.119.252
78-1876762,Raff,O'Hannigan,rohanniganln@studiopress.com,Male,152.193.230.10
73-1580883,Rivalee,Halsworth,rhalsworthlo@foxnews.com,Female,92.138.189.108
39-0719191,Ambrose,McCulley,amcculleylp@vistaprint.com,Male,223.201.94.225
75-0734528,Nicolais,Hutten,nhuttenlq@tmall.com,Male,242.60.44.241
27-7353489,Emmerich,Sillis,esillislr@mit.edu,Male,235.166.79.181
71-6285221,Nikolai,Courtonne,ncourtonnels@fastcompany.com,Male,227.90.19.105
02-7506996,Thedrick,Yackiminie,tyackiminielt@themeforest.net,Male,131.95.5.196
25-5302320,Andrey,Yeskov,ayeskovlu@nih.gov,Male,95.37.206.39
44-6556851,Querida,Lansly,qlanslylv@google.cn,Female,32.11.234.133
88-7487712,Patty,Baddoe,pbaddoelw@vkontakte.ru,Female,84.190.61.192
92-9506542,Vance,Brashaw,vbrashawlx@gmpg.org,Male,158.109.143.110
06-0301797,Clementius,Castiello,ccastielloly@freewebs.com,Male,130.45.113.242
50-1787409,Ivy,Cowgill,icowgilllz@hibu.com,Female,136.248.208.2
48-5893046,Sallyanne,Andreini,sandreinim0@globo.com,Female,9.185.72.190
71-8471335,Jobina,Sporgeon,jsporgeonm1@disqus.com,Female,171.6.107.190
02-5591166,Starlin,Mill,smillm2@wufoo.com,Female,216.108.253.220
29-2667658,Nananne,Petegree,npetegreem3@eventbrite.com,Female,29.242.26.188
02-2697504,Frederic,Fraczkiewicz,ffraczkiewiczm4@4shared.com,Male,133.172.148.75
89-7052886,Valencia,O'Haire,vohairem5@surveymonkey.com,Female,225.182.237.176
42-2775116,Joscelin,Finker,jfinkerm6@networksolutions.com,Female,67.90.13.238
48-3919544,Barrie,Snailham,bsnailhamm7@jalbum.net,Female,189.49.169.221
81-8618246,Tomkin,Boss,tbossm8@icio.us,Male,101.174.111.73
14-3135496,May,Lightman,mlightmanm9@epa.gov,Female,135.215.175.216
65-5830756,Bart,Sandon,bsandonma@spotify.com,Male,6.194.80.218
59-1662924,Raina,Atton,rattonmb@ed.gov,Female,26.197.28.72
56-5513612,Morlee,Piperley,mpiperleymc@guardian.co.uk,Male,101.115.5.95
10-1413356,Sully,Courtin,scourtinmd@un.org,Male,209.162.235.55
40-4328843,Carroll,Pucker,cpuckerme@linkedin.com,Female,233.22.97.9
65-5591417,La verne,Hendonson,lhendonsonmf@nature.com,Female,195.139.72.50
19-6758077,Susanna,Tulip,stulipmg@hao123.com,Female,194.250.216.21
51-7570753,Diann,Balaisot,dbalaisotmh@dmoz.org,Female,152.101.158.108
47-3539852,Tally,Huortic,thuorticmi@paypal.com,Female,86.204.72.125
32-5116207,Mickie,Devers,mdeversmj@issuu.com,Male,30.43.159.210
90-7189957,Vittoria,Curm,vcurmmk@netlog.com,Female,249.243.66.1
08-5134960,Andros,Spera,asperaml@mlb.com,Male,183.2.244.216
17-5056535,Neile,Derill,nderillmm@cdbaby.com,Female,76.220.35.161
32-2378723,Billy,Lasty,blastymn@wired.com,Male,134.231.123.56
17-4266285,Connie,Poluzzi,cpoluzzimo@java.com,Male,139.128.99.115
94-6478094,Dallas,Topper,dtoppermp@digg.com,Male,61.135.173.109
01-8425385,Missie,Overbury,moverburymq@tripadvisor.com,Female,66.26.245.211
69-5343150,Odelinda,Vooght,ovooghtmr@yellowpages.com,Female,204.173.217.5
04-8261895,Dre,Simants,dsimantsms@cbsnews.com,Female,246.217.154.109
35-0463952,Gareth,Puddephatt,gpuddephattmt@newsvine.com,Male,252.236.158.157
13-0037994,Roddy,Aldersea,ralderseamu@soundcloud.com,Male,26.173.68.175
03-0973707,Rock,Marcussen,rmarcussenmv@google.ca,Male,154.9.149.210
70-9546079,Dalia,Cassell,dcassellmw@issuu.com,Female,109.255.54.182
48-5269895,Ruy,Harston,rharstonmx@wisc.edu,Male,15.254.107.89
12-2677144,Cindy,Hadland,chadlandmy@sciencedirect.com,Female,52.184.75.79
34-3873846,Raimundo,Imrie,rimriemz@e-recht24.de,Male,216.21.254.38
84-9169219,Chloris,Matyushenko,cmatyushenkon0@mapy.cz,Female,39.233.59.170
51-5521582,Samaria,Faulkener,sfaulkenern1@squarespace.com,Female,120.6.43.115
39-0905320,Nevsa,Firbank,nfirbankn2@studiopress.com,Female,60.16.174.8
39-1800907,Lorelle,Gawith,lgawithn3@feedburner.com,Female,49.53.4.30
56-8640867,Ramsey,Sawford,rsawfordn4@furl.net,Male,80.73.96.120
12-2854034,Inness,Wile,iwilen5@51.la,Male,143.137.245.233
06-5798387,Clareta,Mathew,cmathewn6@ifeng.com,Female,4.183.79.81
14-8478412,Saidee,Kopecka,skopeckan7@opera.com,Female,162.1.201.80
95-8966414,Jamaal,Northcote,jnorthcoten8@de.vu,Male,210.236.251.143
55-4328747,Ralina,Garbutt,rgarbuttn9@360.cn,Female,120.69.67.115
29-6136794,Keir,Collete,kcolletena@odnoklassniki.ru,Male,178.45.155.5
16-5442301,Jessamine,Shipman,jshipmannb@artisteer.com,Female,113.184.224.189
19-8421019,Othella,Askew,oaskewnc@yellowpages.com,Female,10.193.4.14
02-3821145,Katha,Calloway,kcallowaynd@phoca.cz,Female,140.117.224.219
33-5378090,Liza,Sherme,lshermene@hao123.com,Female,114.58.18.67
59-3227322,Marlon,Tossell,mtossellnf@hostgator.com,Male,98.213.141.230
02-5368280,Christye,Weatherhead,cweatherheadng@patch.com,Female,107.24.106.129
12-2301805,Ericka,Daughtery,edaughterynh@lycos.com,Female,72.205.6.64
81-9905443,Dominga,Poulgreen,dpoulgreenni@soundcloud.com,Female,97.78.235.201
04-6219852,Jackquelin,Henriques,jhenriquesnj@blinklist.com,Female,122.115.45.205
75-9975852,Joby,Larway,jlarwaynk@addthis.com,Female,233.36.165.248
91-1493018,Agatha,Pynner,apynnernl@dmoz.org,Female,242.229.92.88
89-4155307,Staffard,Krebs,skrebsnm@usnews.com,Male,161.254.106.161
61-4827260,Bethanne,Coventon,bcoventonnn@seesaa.net,Female,10.102.137.180
61-3669276,Wain,Broadbear,wbroadbearno@blinklist.com,Male,126.209.180.22
44-7352558,Kent,Lyburn,klyburnnp@nbcnews.com,Male,96.165.77.54
23-0622783,Mahmoud,Neising,mneisingnq@google.co.uk,Male,154.74.249.28
39-4720257,Alick,Curtis,acurtisnr@addtoany.com,Male,166.9.110.23
19-9152476,Zelig,Huntall,zhuntallns@senate.gov,Male,163.110.218.6
01-9670807,Stephana,Ellis,sellisnt@ucoz.ru,Female,51.247.33.251
29-4037014,Estella,Blenkensop,eblenkensopnu@virginia.edu,Female,126.204.22.174
26-7493717,Britni,Corbould,bcorbouldnv@com.com,Female,217.39.30.86
47-1847466,Taryn,Eddicott,teddicottnw@com.com,Female,46.135.220.19
81-1580758,Wadsworth,Dunguy,wdunguynx@reddit.com,Male,36.60.126.14
24-1600366,Paolo,Mattielli,pmattielliny@tamu.edu,Male,119.10.71.43
02-0838819,Jenilee,Skeels,jskeelsnz@parallels.com,Female,179.45.120.32
36-4461562,Dolly,Bambrugh,dbambrugho0@chronoengine.com,Female,141.198.133.225
92-8628965,Bryon,Dodimead,bdodimeado1@stumbleupon.com,Male,228.210.120.244
78-5930554,Milt,Baldini,mbaldinio2@wired.com,Male,172.101.131.176
47-4472351,Ximenez,Starcks,xstarckso3@stanford.edu,Male,220.204.15.212
66-8094078,Malchy,Gath,mgatho4@liveinternet.ru,Male,94.28.150.225
21-9106007,Dulci,Skehan,dskehano5@wired.com,Female,38.23.105.204
68-1823200,Hamilton,Ackerman,hackermano6@wordpress.com,Male,150.165.200.231
86-7827742,Ameline,Farrell,afarrello7@dot.gov,Female,251.167.120.129
41-7215518,Martica,Stripling,mstriplingo8@google.com.hk,Female,92.21.60.91
89-4501779,Tanney,Grima,tgrimao9@senate.gov,Male,9.125.48.182
22-7788127,Clim,Monkeman,cmonkemanoa@arizona.edu,Male,1.50.233.185
06-5505800,Garrett,Gasquoine,ggasquoineob@statcounter.com,Male,41.128.146.214
94-7593014,Marco,Penni,mpennioc@blinklist.com,Male,25.6.61.161
24-5203659,Hakim,Rosle,hrosleod@archive.org,Male,165.135.165.119
41-1616576,Jervis,Pley,jpleyoe@amazon.de,Male,69.195.118.220
10-0710297,Tracy,Jeanneau,tjeanneauof@pinterest.com,Female,102.132.229.231
43-0347511,Janka,Casoni,jcasoniog@google.com.hk,Female,106.148.173.94
91-4619399,Carny,Dyke,cdykeoh@sphinn.com,Male,95.59.137.130
60-7267935,Skell,Truckett,struckettoi@dmoz.org,Male,207.193.103.169
86-1138660,Kris,Walak,kwalakoj@dion.ne.jp,Male,180.178.46.50
18-2564245,Raynor,Birkenhead,rbirkenheadok@live.com,Male,39.109.25.135
67-1934901,Vasili,Gocher,vgocherol@senate.gov,Male,240.250.47.121
76-2672165,Evin,Minster,eminsterom@archive.org,Male,103.64.64.246
18-3493780,Erich,Fike,efikeon@mtv.com,Male,133.66.223.169
48-6605422,Giraud,Castella,gcastellaoo@flickr.com,Male,241.103.249.47
54-5285638,Jobina,Ponting,jpontingop@canalblog.com,Female,90.32.137.105
82-7684491,Ericka,Ribchester,eribchesteroq@deviantart.com,Female,124.226.29.102
90-4703950,Alis,Gibbon,agibbonor@cyberchimps.com,Female,183.198.225.42
85-8238275,Jeth,Beevor,jbeevoros@microsoft.com,Male,185.86.91.120
14-3821403,Lynn,Bagby,lbagbyot@technorati.com,Male,166.213.8.81
89-1886472,Averell,Heigl,aheiglou@yale.edu,Male,125.132.226.84
14-9963328,Vassili,Etoile,vetoileov@microsoft.com,Male,239.227.1.143
73-5983438,Ralph,Simonsen,rsimonsenow@angelfire.com,Male,204.66.128.102
69-2645149,Lorain,Mays,lmaysox@wiley.com,Female,219.90.1.83
29-2886910,Fonzie,Jakab,fjakaboy@cpanel.net,Male,110.132.156.99
48-2793975,Jeno,Itchingham,jitchinghamoz@wunderground.com,Male,92.95.194.26
72-7115898,Josias,Stangroom,jstangroomp0@1688.com,Male,85.110.151.49
50-7616146,Hayward,Northgraves,hnorthgravesp1@about.me,Male,237.66.77.252
22-6991759,Claus,Mamwell,cmamwellp2@nationalgeographic.com,Male,203.172.2.124
09-6109412,Levy,Krolak,lkrolakp3@ovh.net,Male,238.246.51.163
21-7792096,Lexi,Edon,ledonp4@devhub.com,Female,212.19.250.78
17-6192701,Eldin,Arrol,earrolp5@thetimes.co.uk,Male,241.249.179.154
40-3212052,Lorine,Ferrandez,lferrandezp6@pagesperso-orange.fr,Female,33.10.50.1
11-2628870,Consolata,Hanscombe,chanscombep7@theglobeandmail.com,Female,94.196.10.130
37-2122234,Shelby,Aubert,saubertp8@cnet.com,Female,223.207.82.210
05-8048290,Gabriella,Newstead,gnewsteadp9@example.com,Female,241.228.255.202
59-3643108,Jacquelynn,Davitashvili,jdavitashvilipa@nytimes.com,Female,150.136.254.163
30-0289810,Mauricio,Linge,mlingepb@sina.com.cn,Male,132.237.175.221
73-7641784,Dolores,MacFaul,dmacfaulpc@google.cn,Female,47.0.22.38
30-1109409,Aguste,Housam,ahousampd@bluehost.com,Male,192.135.134.203
00-3393233,Bordie,Halsey,bhalseype@google.it,Male,137.236.146.255
91-0975362,Gayler,Cresar,gcresarpf@tmall.com,Male,75.13.133.33
43-6321624,Olly,Tydeman,otydemanpg@engadget.com,Female,177.99.47.142
26-2442159,Craig,Haggard,chaggardph@themeforest.net,Male,189.67.252.223
72-9511021,Averill,Morgue,amorguepi@irs.gov,Male,16.187.252.248
83-7795584,Kally,Simko,ksimkopj@nhs.uk,Female,241.222.226.180
03-2081957,Chip,Bernardot,cbernardotpk@reference.com,Male,101.81.179.165
34-8282764,Doug,Philliphs,dphilliphspl@merriam-webster.com,Male,77.112.22.200
17-6678856,Wiley,Arkcoll,warkcollpm@delicious.com,Male,217.120.157.146
45-7770241,Garvy,Zannetti,gzannettipn@fda.gov,Male,169.199.138.81
10-6642703,Leticia,Cranke,lcrankepo@addthis.com,Female,220.227.21.57
46-3117368,Susann,Castella,scastellapp@sina.com.cn,Female,207.231.241.250
44-3649951,Garnette,Washington,gwashingtonpq@amazon.de,Female,187.149.226.34
92-6954038,Moses,Smallman,msmallmanpr@businessinsider.com,Male,158.248.177.143
51-7480852,Cristionna,Bygate,cbygateps@hhs.gov,Female,154.234.200.237
93-4727556,Elmo,Dreakin,edreakinpt@biblegateway.com,Male,235.75.224.216
10-6277484,Krissie,Chavey,kchaveypu@ihg.com,Female,70.59.220.204
42-4138787,Sigfried,Brisland,sbrislandpv@miibeian.gov.cn,Male,61.60.59.55
12-7325114,Joni,Rookledge,jrookledgepw@npr.org,Female,218.225.68.159
91-1013568,Pen,Irving,pirvingpx@forbes.com,Male,222.126.237.153
93-8103655,Hadrian,Santino,hsantinopy@goodreads.com,Male,236.251.132.52
02-0997542,Gabriell,Gallafant,ggallafantpz@ihg.com,Female,205.231.174.145
20-0864272,Regen,Shaxby,rshaxbyq0@cornell.edu,Male,189.229.59.212
37-4134055,Trumaine,Enocksson,tenockssonq1@bbb.org,Male,246.195.241.21
24-1049829,Armand,Cornewell,acornewellq2@smugmug.com,Male,195.188.59.117
12-4255116,Lianne,Canto,lcantoq3@nhs.uk,Female,239.211.82.161
03-6950039,Jerrold,Parmley,jparmleyq4@alibaba.com,Male,130.251.74.54
98-3125145,Cecily,Luciani,clucianiq5@baidu.com,Female,151.213.84.59
49-9113587,Monte,Theobold,mtheoboldq6@amazon.com,Male,38.204.18.179
52-3761041,Gwenni,Crab,gcrabq7@comsenz.com,Female,192.201.51.88
72-9368735,Brockie,Sand,bsandq8@huffingtonpost.com,Male,78.217.31.137
80-1990105,Doris,Lillyman,dlillymanq9@gizmodo.com,Female,193.46.113.47
07-5662061,Woodman,Mitkcov,wmitkcovqa@hibu.com,Male,35.155.19.103
37-3462971,Fae,Jedrzej,fjedrzejqb@jigsy.com,Female,180.126.166.126
10-5644202,Aurilia,Moorman,amoormanqc@imdb.com,Female,19.213.96.123
46-5902922,Ferris,Kline,fklineqd@shinystat.com,Male,160.232.74.137
67-9150468,Emelia,Amberson,eambersonqe@blog.com,Female,245.48.56.125
18-8165477,Silas,Gyver,sgyverqf@dell.com,Male,16.175.155.227
62-1930691,Eward,Winning,ewinningqg@nymag.com,Male,204.124.146.206
34-0910076,Humphrey,Baribal,hbaribalqh@naver.com,Male,204.184.108.151
47-6458266,Ernest,Kigelman,ekigelmanqi@sitemeter.com,Male,0.28.112.236
97-1705498,Lorilyn,Carette,lcaretteqj@auda.org.au,Female,2.27.205.137
08-5550125,Hurlee,Taverner,htavernerqk@theguardian.com,Male,78.253.67.83
71-9909443,Roddy,MacIntosh,rmacintoshql@si.edu,Male,73.51.73.56
87-8126024,Ailsun,Jakab,ajakabqm@utexas.edu,Female,192.13.130.50
70-8892041,Tess,Beacon,tbeaconqn@diigo.com,Female,218.225.126.134
77-4286007,Chelsie,Chatenet,cchatenetqo@fema.gov,Female,64.194.186.133
55-9502152,Zeke,Anthona,zanthonaqp@bluehost.com,Male,4.205.40.240
01-3530743,Henrie,Lefeuvre,hlefeuvreqq@soup.io,Female,215.15.101.163
35-1895307,Karyl,Bracer,kbracerqr@salon.com,Female,238.85.147.81
00-7736014,Emilie,Donisthorpe,edonisthorpeqs@freewebs.com,Female,221.196.228.150
07-7149041,Rex,De Hooge,rdehoogeqt@chron.com,Male,150.6.57.75
35-9693472,Denny,Titcombe,dtitcombequ@artisteer.com,Female,186.96.211.206
13-7610478,Jessa,Swyndley,jswyndleyqv@google.com,Female,31.81.123.13
81-6700082,Stavros,Petteford,spettefordqw@newyorker.com,Male,219.228.87.162
34-6316122,Ivar,Orhtmann,iorhtmannqx@smugmug.com,Male,147.14.37.213
41-8262583,Michail,Stainton - Skinn,mstaintonskinnqy@illinois.edu,Male,148.226.226.160
12-7835159,Ermanno,Heakins,eheakinsqz@tumblr.com,Male,64.197.214.210
73-2658897,Jacques,Hanes,jhanesr0@histats.com,Male,113.122.198.224
96-2307318,Nathanial,Rahlof,nrahlofr1@digg.com,Male,30.162.133.91
31-6542191,Ashby,Gritsaev,agritsaevr2@sakura.ne.jp,Male,208.45.82.187
93-9626204,Sybilla,Gaddesby,sgaddesbyr3@domainmarket.com,Female,141.250.177.238
55-8658330,Ikey,Abramow,iabramowr4@people.com.cn,Male,4.177.161.167
12-4147550,Anabella,Deaton,adeatonr5@upenn.edu,Female,240.221.10.63
71-2655590,Maurie,Gallie,mgallier6@deviantart.com,Male,162.67.20.226
48-1480236,Hinda,Eldin,heldinr7@dagondesign.com,Female,28.116.204.125
42-3339223,Sandra,Marshal,smarshalr8@ustream.tv,Female,227.7.222.103
66-2087135,Ricky,Kezor,rkezorr9@tiny.cc,Male,246.162.193.53
03-0389010,Davidde,Chimes,dchimesra@blogs.com,Male,226.9.33.0
75-0175536,Babara,Cartlidge,bcartlidgerb@livejournal.com,Female,54.100.174.146
76-1173822,Clarey,Cann,ccannrc@taobao.com,Female,8.34.166.245
56-6265357,Seth,Drury,sdruryrd@nyu.edu,Male,166.229.237.141
37-8288150,Toddie,Kneath,tkneathre@networkadvertising.org,Male,124.57.145.170
18-4550408,Kariotta,Prantl,kprantlrf@cisco.com,Female,162.196.101.85
96-0262081,Creight,Thames,cthamesrg@biglobe.ne.jp,Male,62.129.56.132
57-1487688,Mort,Yerson,myersonrh@noaa.gov,Male,85.192.81.151
96-5159540,Ricoriki,Greene,rgreeneri@oakley.com,Male,13.54.237.84
29-7451478,Sybila,Yakunin,syakuninrj@businessweek.com,Female,219.183.205.239
31-5851954,Adam,Quartermaine,aquartermainerk@cbc.ca,Male,199.142.128.133
06-7927178,Marijo,O'Conor,moconorrl@uol.com.br,Female,223.70.129.228
09-1211002,Winnie,Glynne,wglynnerm@hatena.ne.jp,Female,9.215.226.200
60-3020363,Randy,Awcoate,rawcoatern@wired.com,Female,108.194.36.6
33-3614025,Johannes,Lucien,jlucienro@addthis.com,Male,154.239.15.224
80-6602575,Ban,Rout,broutrp@ow.ly,Male,232.126.73.201
91-7424772,Sherlocke,Posselwhite,sposselwhiterq@senate.gov,Male,16.153.192.15
52-3456521,Ann,Sirette,asiretterr@weather.com,Female,122.158.32.76
